1991,1
ActiveState,1
Are,1
Asked,1
Before,1
Beginners,1
BeginnersGuide,1
BeginnersGuide/Tutorials,1
CPython,2
Cheese,1
Cookbook,1
Created,1
Download,1
English,1
Even,1
FAQ,1
Failing,1
For,1
Fortunately,1
Foundation,1
Frequently,1
Google,1
Guido,1
HP,1
Help,1
IDEs,1
If,7
Index,1
Installing,2
It,2
It's,1
Learning,1
Linux,1
Looking,2
Monty,1
Package,1
Please,1
Python,22
Python's,2
Python-related,1
Questions,1
Rossum,1
Shop,1
Software,1
Something,1
Specific,1
The,3
There,4
UNIX,1
Welcome,1
Windows,1
You,1
a,23
about,4
all,2
already,1
also,4
an,3
and,19
answers,1
any,1
application,1
are,4
area,1
aren't,1
as,4
ask,1
asked,1
at,3
automatic,1
available,2
basic,1
be,4
beginners,1
books,1
both,1
brief,1
browse,2
but,1
by,3
call,1
can,4
chance,1
clear,1
code,2
come,1
common,1
commonly,1
community-based,1
compiler,1
complete,1
completely,1
comprehensive,1
computers,1
confident,1
constructs,1
definitive,1
description,1
design,1
develop,1
developer,1
development,1
distributions,1
do,2
documentation,2
don't,1
dry,1
dynamic,1
easy,3
editing,1
editors,1
else,1
emphasizes,1
enable,1
experienced,2
expert,1
explanation,1
fails,1
fairly,1
features,1
few,1
find,3
first,3
follow,1
for,13
from,1
full,1
functional,1
functionality,1
further,1
general-purpose,1
generally,1
get,2
gets,1
getting,1
gives,1
good,2
has,3
have,2
help,2
helpful,1
high-level,1
how,1
idea,1
if,1
imperative,1
implementation,1
implementations,1
important,1
in,5
include,1
including,2
information,6
install,1
installation,1
installed,1
interpreted,1
interpreters,1
introductory,1
is,13
it,1
it's,1
its,1
jump,1
just,2
know,1
known,1
language,5
languages,1
large,2
learn,1
libraries,1
library,2
library.[27,1
list,3
look,2
looking,3
make,1
managed,1
management,1
many,3
may,3
memory,1
might,2
model,1
most,2
multiple,1
name),1
nearly,1
need,2
needs,1
new,1
newsgroup,1
non-profit,1
not,2
notably,2
note,1
notes,1
now,1
nowadays,1
number,2
object-oriented,1
of,14
on,6
online,1
open,1
operating,1
or,2
other,1
out,1
page,3
paradigms,1
particular,2
patterns,1
philosophy,1
phrase,1
pick,1
platforms,1
plenty,1
port,1
possible,1
presume,1
procedural,1
programmer,2
programmers,1
programming,6
provides,2
put,1
python,2
question,1
questions,1
quickly,1
readability,1
recent,1
recipes,1
reference,4
released,1
resources,1
result,1
right,1
samples,1
scales.[26,1
script,1
search,1
significant,1
site,1
small,1
so,1
software[28,1
some,1
someone,1
somewhat,1
source,1
sources,2
standard,1
started,3
still,1
suitable,1
supports,1
syntax,1
system,1
systems,1
tailored,1
take,1
task,1
text,1
that,7
the,20
then,1
there,1
there's,1
this,1
those,1
though,1
to,14
track,1
try,1
tutorial,1
tutorials,1
type,1
unremarkable,1
up,1
use,1
useful,1
using,1
van,1
variant,1
very,1
want,3
we,1
web,1
well,1
whatever,1
whether,1
which,3
whitespace,1
why,1
wiki,1
will,2
with,3
word,1
work,1
you,17
your,2

