would,17818
key,17619
server,17614
password,17313
security,15750
using,15595
use,15267
user,13380
like,12867
i'm,12774
data,12266
one,10901
know,9856
access,9371
could,9245
file,8661
secure,8495
get,8473
way,8381
com,7819
used,7683
question,7659
client,7462
certificate,7452
also,7259
http,7241
possible,7106
web,6993
network,6732
need,6670
system,6615
want,6504
information,6421
code,6406
encryption,6230
application,6217
ip,6123
time,5720
public,5659
email,5656
example,5608
attack,5605
windows,5562
encrypted,5521
see,5372
https,5355
users,5334
ssl,5327
address,5272
new,5128
make,5008
site,5003
private,4991
website,4986
files,4930
passwords,4918
hash,4882
even,4785
i've,4760
something,4681
find,4439
able,4436
authentication,4405
account,4395
without,4393
work,4311
different,4269
someone,4224
etc,4204
computer,4140
app,4126
still,4114
browser,4043
however,4038
login,4022
database,3935
request,3827
php,3826
keys,3804
software,3782
service,3773
name,3705
read,3700
google,3695
page,3639
two,3615
attacker,3587
first,3556
id,3508
message,3499
number,3494
found,3494
since,3490
session,3480
seems,3459
think,3446
understand,3432
set,3413
internet,3408
case,3381
attacks,3381
token,3340
connection,3335
via,3293
open,3271
device,3271
store,3251
send,3247
problem,3199
good,3187
may,3186
following,3148
running,3140
really,3139
10,3138
trying,3123
sure,3086
machine,3065
function,3059
another,3035
root,2999
phone,2990
can't,2976
many,2962
random,2949
tls,2924
say,2924
encrypt,2890
port,2889
traffic,2874
domain,2777
run,2775
people,2750
card,2745
text,2717
linux,2667
much,2660
check,2645
string,2633
sent,2632
anyone,2631
stored,2622
prevent,2620
process,2617
url,2612
source,2607
safe,2602
ca,2584
best,2579
rsa,2546
create,2535
help,2525
every,2525
script,2514
looking,2513
00,2508
certificates,2498
might,2493
type,2488
based,2482
,2464
vulnerability,2443
tcp,2443
point,2438
ssh,2430
servers,2425
anything,2404
host,2376
www,2371
vpn,2367
well,2364
malware,2347
log,2341
change,2335
company,2311
api,2302
router,2297
salt,2292
secret,2270
username,2246
idea,2245
value,2226
uses,2224
allow,2217
actually,2209
test,2176
right,2170
malicious,2159
version,2148
decrypt,2140
take,2135
link,2119
list,2118
method,2111
aes,2092
post,2086
input,2086
better,2084
risk,2069
mac,2063
done,2063
protect,2048
connect,2047
enough,2039
algorithm,2032
solution,2018
back,2009
html,2002
already,1998
net,1996
issue,1993
local,1985
given,1977
return,1972
form,1966
questions,1957
kind,1954
requests,1951
os,1945
specific,1944
got,1943
go,1935
cookie,1933
please,1925
error,1924
things,1904
else,1903
program,1900
services,1898
firewall,1892
long,1890
sites,1876
must,1874
content,1865
generate,1862
android,1855
bit,1854
proxy,1852
correct,1852
tried,1839
order,1838
cannot,1833
home,1831
part,1825
answer,1822
mean,1820
devices,1818
instead,1810
wondering,1806
openssl,1805
20,1803
provide,1802
try,1795
scan,1791
working,1782
javascript,1771
vulnerable,1769
whether,1751
mobile,1744
end,1737
remote,1729
exploit,1705
wifi,1702
signature,1687
going,1686
edit,1681
dns,1680
currently,1672
lot,1669
protocol,1663
online,1649
xss,1645
works,1643
command,1625
recently,1623
cipher,1623
thing,1621
assume,1620
drive,1611
similar,1608
length,1604
simple,1601
thanks,1600
installed,1587
available,1586
add,1583
far,1575
trust,1574
applications,1569
look,1565
signed,1564
give,1563
us,1561
generated,1558
sql,1554
compromised,1553
known,1540
option,1539
i'd,1537
clients,1536
websites,1532
block,1530
default,1503
tools,1500
keep,1500
support,1497
side,1491
info,1489
verify,1484
response,1484
192,1482
real,1481
never,1480
systems,1479
multiple,1479
control,1479
reason,1474
least,1471
bad,1471
always,1460
header,1451
level,1448
update,1445
getting,1440
valid,1439
sending,1437
168,1437
credentials,1436
wrong,1432
thinking,1428
admin,1427
second,1422
vulnerabilities,1420
11,1419
hard,1418
characters,1416
facebook,1414
seem,1409
java,1408
either,1404
connected,1399
messages,1394
thought,1390
made,1381
write,1379
trusted,1377
simply,1377
reading,1377
place,1376
though,1371
standard,1369
chrome,1369
memory,1367
start,1363
single,1361
mode,1359
packets,1354
within,1353
around,1353
call,1350
put,1349
means,1348
mail,1344
org,1339
firefox,1339
hashing,1336
person,1335
x5c,1330
needs,1330
sensitive,1326
injection,1325
cert,1324
maybe,1321
var,1316
pc,1312
scenario,1305
16,1302
details,1300
ask,1297
protection,1296
common,1294
sign,1292
testing,1282
detect,1274
accounts,1273
issues,1272
document,1271
image,1269
true,1263
hardware,1263
tell,1260
addresses,1255
approach,1254
created,1251
setup,1250
certain,1244
output,1237
tool,1235
easy,1234
policy,1231
makes,1223
seen,1222
22,1221
result,1216
main,1215
internal,1206
logs,1204
usb,1197
location,1191
let's,1185
current,1180
several,1179
party,1175
install,1173
course,1172
that's,1170
note,1170
gets,1170
credit,1169
last,1164
sends,1163
personal,1162
storing,1159
size,1159
bytes,1157
user's,1155
old,1155
pass,1152
force,1148
ports,1144
nothing,1139
probably,1137
search,1134
packet,1134
come,1132
laptop,1128
says,1124
understanding,1123
less,1122
full,1115
virus,1111
environment,1107
emails,1106
assuming,1106
disk,1105
implement,1103
gmail,1102
everything,1102
tor,1101
nmap,1096
practice,1092
target,1090
download,1090
md5,1089
guess,1086
apps,1085
received,1084
connections,1083
microsoft,1082
include,1075
provider,1072
numbers,1072
related,1071
asking,1068
100,1064
12,1063
shared,1062
ways,1060
added,1056
signing,1047
required,1047
inside,1043
15,1042
making,1041
hashes,1041
external,1038
cookies,1038
particular,1032
require,1029
rather,1024
plain,1024
difference,1022
small,1017
browsers,1016
easily,1011
said,1010
there's,1009
storage,1008
considered,1006
changed,1005
line,1004
field,1004
directly,1001
pci,1000
mitm,996
80,988
times,987
methods,987
little,986
original,985
